REQUEST_DATE,SCENARIO_SEQ,REQUEST_SEQ,XPOS,YPOS,SISUL_CD1,RSRP1,SINR1,E-tilt target
20191003,1,1,xxx-x-x.xxx,yy-yy-yy.yyy,2019Y3149,-87,24,Y
20191003,1,1,xxx-x-x.xxx,yy-yy-yy.yyy,2019Y3149,-115,7,Y
20191003,1,1,xxx-x-x.xxx,yy-yy-yy.yyy,2019Y3149,-82,30,Y
20191003,1,1,xxx-x-x.xxx,yy-yy-yy.yyy,2019Y3149,-80,17,Y
20191003,1,1,xxx-x-x.xxx,yy-yy-yy.yyy,2019Y3149,-71,13,Y
20191003,1,1,xxx-x-x.xxx,yy-yy-yy.yyy,2019Y3149,-114,19,Y
20191003,1,1,xxx-x-x.xxx,yy-yy-yy.yyy,2019Y3149,-72,6,Y
20191003,1,1,xxx-x-x.xxx,yy-yy-yy.yyy,2019Y3149,-97,-5,Y
20191003,1,1,xxx-x-x.xxx,yy-yy-yy.yyy,2019Y3149,-84,12,Y
20191003,1,1,xxx-x-x.xxx,yy-yy-yy.yyy,2019Y3149,-87,3,Y
20191003,1,1,xxx-x-x.xxx,yy-yy-yy.yyy,2019Y3149,-69,18,Y
20191003,1,1,xxx-x-x.xxx,yy-yy-yy.yyy,2019Y3149,-90,-5,Y
20191003,1,1,xxx-x-x.xxx,yy-yy-yy.yyy,2019Y3149,-112,28,Y
20191003,1,1,xxx-x-x.xxx,yy-yy-yy.yyy,2019Y3149,-97,24,Y
20191003,1,1,xxx-x-x.xxx,yy-yy-yy.yyy,2019Y3149,-104,24,Y
20191003,1,1,xxx-x-x.xxx,yy-yy-yy.yyy,2019Y3149,-91,21,Y
20191003,1,1,xxx-x-x.xxx,yy-yy-yy.yyy,2019Y3149,-77,9,Y
20191003,1,1,xxx-x-x.xxx,yy-yy-yy.yyy,2019Y3149,-55,13,Y
20191003,1,1,xxx-x-x.xxx,yy-yy-yy.yyy,2019Y3149,-69,24,Y
20191003,1,1,xxx-x-x.xxx,yy-yy-yy.yyy,2019Y3149,-106,28,Y
20191003,1,1,xxx-x-x.xxx,yy-yy-yy.yyy,2019Y3149,-87,-5,Y
20191003,1,1,xxx-x-x.xxx,yy-yy-yy.yyy,2019Y3149,-72,1,Y
20191003,1,1,xxx-x-x.xxx,yy-yy-yy.yyy,2019Y3149,-83,-2,Y
20191003,1,1,xxx-x-x.xxx,yy-yy-yy.yyy,2019Y3149,-108,2,Y
20191003,1,1,xxx-x-x.xxx,yy-yy-yy.yyy,2019Y3149,-74,26,Y
20191003,1,1,xxx-x-x.xxx,yy-yy-yy.yyy,2019Y3149,-90,-1,Y
20191003,1,1,xxx-x-x.xxx,yy-yy-yy.yyy,2019Y3149,-77,7,Y
20191003,1,1,xxx-x-x.xxx,yy-yy-yy.yyy,2019Y3149,-93,2,Y
20191003,1,1,xxx-x-x.xxx,yy-yy-yy.yyy,2019Y3149,-114,7,Y
20191003,1,1,xxx-x-x.xxx,yy-yy-yy.yyy,2019Y3149,-69,20,Y
20191003,1,1,xxx-x-x.xxx,yy-yy-yy.yyy,2019Y3149,-114,28,Y
20191003,1,1,xxx-x-x.xxx,yy-yy-yy.yyy,2019Y3149,-110,2,Y
20191003,1,1,xxx-x-x.xxx,yy-yy-yy.yyy,2019Y3149,-58,20,Y
20191003,1,1,xxx-x-x.xxx,yy-yy-yy.yyy,2019Y3149,-109,-3,Y
20191003,1,1,xxx-x-x.xxx,yy-yy-yy.yyy,2019Y3149,-87,28,Y
20191003,1,1,xxx-x-x.xxx,yy-yy-yy.yyy,2019Y3149,-65,1,Y
20191003,1,1,xxx-x-x.xxx,yy-yy-yy.yyy,2019Y3149,-93,6,Y
20191003,1,1,xxx-x-x.xxx,yy-yy-yy.yyy,2019Y3149,-57,-3,Y
20191003,1,1,xxx-x-x.xxx,yy-yy-yy.yyy,2019Y3149,-60,-2,Y
20191003,1,1,xxx-x-x.xxx,yy-yy-yy.yyy,2019Y3149,-103,20,Y
20191003,1,1,xxx-x-x.xxx,yy-yy-yy.yyy,2019Y3149,-84,8,Y
20191003,1,1,xxx-x-x.xxx,yy-yy-yy.yyy,2019Y3149,-100,23,Y
20191003,1,1,xxx-x-x.xxx,yy-yy-yy.yyy,2019Y3149,-98,19,Y
20191003,1,1,xxx-x-x.xxx,yy-yy-yy.yyy,2019Y1262,-111,10,Y
20191003,1,1,xxx-x-x.xxx,yy-yy-yy.yyy,2019Y1262,-92,28,Y
20191003,1,1,xxx-x-x.xxx,yy-yy-yy.yyy,2019Y1262,-73,28,Y
20191003,1,1,xxx-x-x.xxx,yy-yy-yy.yyy,2019Y1262,-86,14,Y
20191003,1,1,xxx-x-x.xxx,yy-yy-yy.yyy,2019Y1262,-57,3,Y
20191003,1,1,xxx-x-x.xxx,yy-yy-yy.yyy,2019Y1262,-65,7,Y
20191003,1,1,xxx-x-x.xxx,yy-yy-yy.yyy,2019Y1262,-62,10,Y
20191003,1,1,xxx-x-x.xxx,yy-yy-yy.yyy,2019Y1262,-67,2,Y
20191003,1,1,xxx-x-x.xxx,yy-yy-yy.yyy,2019Y1262,-108,13,Y
20191003,1,1,xxx-x-x.xxx,yy-yy-yy.yyy,2019Y1262,-64,17,Y
20191003,1,1,xxx-x-x.xxx,yy-yy-yy.yyy,2019Y1262,-62,7,Y
20191003,1,1,xxx-x-x.xxx,yy-yy-yy.yyy,2019Y1262,-67,5,Y
20191003,1,1,xxx-x-x.xxx,yy-yy-yy.yyy,2019Y1262,-71,21,Y
20191003,1,1,xxx-x-x.xxx,yy-yy-yy.yyy,2019Y1262,-92,-5,Y
20191003,1,1,xxx-x-x.xxx,yy-yy-yy.yyy,2019Y1262,-104,16,Y
20191003,1,1,xxx-x-x.xxx,yy-yy-yy.yyy,2019Y1262,-104,21,Y
20191003,1,1,xxx-x-x.xxx,yy-yy-yy.yyy,2019Y1262,-109,24,Y
20191003,1,1,xxx-x-x.xxx,yy-yy-yy.yyy,2019Y1262,-62,20,Y
20191003,1,1,xxx-x-x.xxx,yy-yy-yy.yyy,2019Y1262,-89,-4,Y
20191003,1,1,xxx-x-x.xxx,yy-yy-yy.yyy,2019Y1262,-96,7,Y
20191003,1,1,xxx-x-x.xxx,yy-yy-yy.yyy,2019Y1262,-70,19,Y
20191003,1,1,xxx-x-x.xxx,yy-yy-yy.yyy,2019Y1262,-72,30,Y
20191003,1,1,xxx-x-x.xxx,yy-yy-yy.yyy,2019Y1262,-79,-4,Y
20191003,1,1,xxx-x-x.xxx,yy-yy-yy.yyy,2019Y1262,-104,22,Y
20191003,1,1,xxx-x-x.xxx,yy-yy-yy.yyy,2019Y1262,-107,-4,Y
20191003,1,1,xxx-x-x.xxx,yy-yy-yy.yyy,2019Y1262,-108,17,Y
20191003,1,1,xxx-x-x.xxx,yy-yy-yy.yyy,2019Y1262,-106,29,Y
20191003,1,1,xxx-x-x.xxx,yy-yy-yy.yyy,2019Y1262,-85,28,Y
20191003,1,1,xxx-x-x.xxx,yy-yy-yy.yyy,2019Y1262,-79,5,Y
20191003,1,1,xxx-x-x.xxx,yy-yy-yy.yyy,2019Y1262,-109,6,Y
20191003,1,1,xxx-x-x.xxx,yy-yy-yy.yyy,2019Y1262,-104,17,Y
20191003,1,1,xxx-x-x.xxx,yy-yy-yy.yyy,2019Y1262,-61,-3,Y
20191003,1,1,xxx-x-x.xxx,yy-yy-yy.yyy,2019Y1262,-58,23,Y
20191003,1,1,xxx-x-x.xxx,yy-yy-yy.yyy,2019Y1262,-113,24,Y
20191003,1,1,xxx-x-x.xxx,yy-yy-yy.yyy,2019Y1262,-113,8,Y
20191003,1,1,xxx-x-x.xxx,yy-yy-yy.yyy,2019Y1262,-84,7,Y
20191003,1,1,xxx-x-x.xxx,yy-yy-yy.yyy,2019Y1262,-65,16,Y
20191003,1,1,xxx-x-x.xxx,yy-yy-yy.yyy,2019Y1262,-80,20,Y
20191003,1,1,xxx-x-x.xxx,yy-yy-yy.yyy,2019Y1262,-65,16,Y
20191003,1,1,xxx-x-x.xxx,yy-yy-yy.yyy,2019Y1262,-113,20,Y
20191003,1,1,xxx-x-x.xxx,yy-yy-yy.yyy,2019Y1262,-86,6,Y
20191003,1,1,xxx-x-x.xxx,yy-yy-yy.yyy,2019Y1262,-79,27,Y
20191003,1,1,xxx-x-x.xxx,yy-yy-yy.yyy,2019Y1262,-113,30,Y
20191003,1,1,xxx-x-x.xxx,yy-yy-yy.yyy,2019Y1262,-86,28,Y
20191003,1,1,xxx-x-x.xxx,yy-yy-yy.yyy,2019Y1262,-79,13,Y
20191003,1,1,xxx-x-x.xxx,yy-yy-yy.yyy,2019Y1262,-110,22,Y
20191003,1,1,xxx-x-x.xxx,yy-yy-yy.yyy,2019Y1262,-61,-1,Y
20191003,1,1,xxx-x-x.xxx,yy-yy-yy.yyy,2019Y1262,-100,-5,Y
20191003,1,1,xxx-x-x.xxx,yy-yy-yy.yyy,2019Y1262,-66,21,Y
20191003,1,1,xxx-x-x.xxx,yy-yy-yy.yyy,2019Y1262,-73,16,Y
20191003,1,1,xxx-x-x.xxx,yy-yy-yy.yyy,2019Y1262,-84,-4,Y
20191003,1,1,xxx-x-x.xxx,yy-yy-yy.yyy,2019Y1262,-82,1,Y
20191003,1,1,xxx-x-x.xxx,yy-yy-yy.yyy,2019Y1262,-94,23,Y
20191003,1,1,xxx-x-x.xxx,yy-yy-yy.yyy,2019Y1262,-97,29,Y
20191003,1,1,xxx-x-x.xxx,yy-yy-yy.yyy,2019Y1262,-106,-2,Y
20191003,1,1,xxx-x-x.xxx,yy-yy-yy.yyy,2019Y1262,-101,11,Y
20191003,1,1,xxx-x-x.xxx,yy-yy-yy.yyy,2019Y1262,-83,8,Y
20191003,1,1,xxx-x-x.xxx,yy-yy-yy.yyy,2019Y1262,-73,23,Y
20191003,1,1,xxx-x-x.xxx,yy-yy-yy.yyy,2019Y1262,-97,6,Y
20191003,1,1,xxx-x-x.xxx,yy-yy-yy.yyy,2019Y1262,-108,-3,Y
20191003,1,1,xxx-x-x.xxx,yy-yy-yy.yyy,2019Y1262,-72,20,Y
20191003,1,1,xxx-x-x.xxx,yy-yy-yy.yyy,2019Y1262,-66,27,Y
20191003,1,1,xxx-x-x.xxx,yy-yy-yy.yyy,2019Y1262,-114,18,Y
20191003,1,1,xxx-x-x.xxx,yy-yy-yy.yyy,2019Y1262,-67,16,Y
20191003,1,1,xxx-x-x.xxx,yy-yy-yy.yyy,2019Y1262,-85,-2,Y
20191003,1,1,xxx-x-x.xxx,yy-yy-yy.yyy,2019Y1262,-115,19,Y
20191003,1,1,xxx-x-x.xxx,yy-yy-yy.yyy,2019Y1262,-86,13,Y
20191003,1,1,xxx-x-x.xxx,yy-yy-yy.yyy,2019Y1262,-58,0,Y
20191003,1,1,xxx-x-x.xxx,yy-yy-yy.yyy,2019Y1262,-95,18,Y
20191003,1,1,xxx-x-x.xxx,yy-yy-yy.yyy,2019Y1262,-99,14,Y
20191003,1,1,xxx-x-x.xxx,yy-yy-yy.yyy,2019Y1262,-98,0,Y
20191003,1,1,xxx-x-x.xxx,yy-yy-yy.yyy,2019Y1262,-94,23,Y
20191003,1,1,xxx-x-x.xxx,yy-yy-yy.yyy,2019Y1262,-57,27,Y
20191003,1,1,xxx-x-x.xxx,yy-yy-yy.yyy,2019Y1262,-87,16,Y
20191003,1,1,xxx-x-x.xxx,yy-yy-yy.yyy,2019Y1262,-70,-4,Y
20191003,1,1,xxx-x-x.xxx,yy-yy-yy.yyy,2019Y1262,-101,12,Y
20191003,1,1,xxx-x-x.xxx,yy-yy-yy.yyy,2019Y1262,-82,9,Y
20191003,1,1,xxx-x-x.xxx,yy-yy-yy.yyy,2019Y1262,-59,11,Y
20191003,1,1,xxx-x-x.xxx,yy-yy-yy.yyy,2019Y1262,-102,26,Y
20191003,1,1,xxx-x-x.xxx,yy-yy-yy.yyy,2019Y1262,-104,9,Y
20191003,1,1,xxx-x-x.xxx,yy-yy-yy.yyy,2019Y1262,-113,22,Y
20191003,1,1,xxx-x-x.xxx,yy-yy-yy.yyy,2019Y1262,-68,28,Y
20191003,1,1,xxx-x-x.xxx,yy-yy-yy.yyy,2019Y1262,-60,30,Y
20191003,1,1,xxx-x-x.xxx,yy-yy-yy.yyy,2019Y1262,-114,27,Y
20191003,1,1,xxx-x-x.xxx,yy-yy-yy.yyy,2019Y1262,-93,15,Y
20191003,1,1,xxx-x-x.xxx,yy-yy-yy.yyy,2019Y1262,-69,22,Y
20191003,1,1,xxx-x-x.xxx,yy-yy-yy.yyy,2019Y1262,-86,16,Y
20191003,1,1,xxx-x-x.xxx,yy-yy-yy.yyy,2019Y1262,-58,-2,Y
20191003,1,1,xxx-x-x.xxx,yy-yy-yy.yyy,2019Y1262,-82,5,Y
20191003,1,1,xxx-x-x.xxx,yy-yy-yy.yyy,2019Y1262,-81,5,Y
20191003,1,1,xxx-x-x.xxx,yy-yy-yy.yyy,2019Y1262,-60,16,Y
20191003,1,1,xxx-x-x.xxx,yy-yy-yy.yyy,2019Y1262,-92,23,Y
20191003,1,1,xxx-x-x.xxx,yy-yy-yy.yyy,2019Y1262,-101,19,Y
20191003,1,1,xxx-x-x.xxx,yy-yy-yy.yyy,2019Y1262,-109,5,Y
20191003,1,1,xxx-x-x.xxx,yy-yy-yy.yyy,2019Y1262,-113,13,Y
20191003,1,1,xxx-x-x.xxx,yy-yy-yy.yyy,2019Y1262,-72,1,Y
20191003,1,1,xxx-x-x.xxx,yy-yy-yy.yyy,2019Y1262,-115,7,Y
20191003,1,1,xxx-x-x.xxx,yy-yy-yy.yyy,2019Y1262,-84,10,Y
20191003,1,1,xxx-x-x.xxx,yy-yy-yy.yyy,2019Y1262,-85,-2,Y
20191003,1,1,xxx-x-x.xxx,yy-yy-yy.yyy,2019Y1262,-92,13,Y
20191003,1,1,xxx-x-x.xxx,yy-yy-yy.yyy,2019Y1262,-108,-3,Y
20191003,1,1,xxx-x-x.xxx,yy-yy-yy.yyy,2019Y1262,-81,6,Y
20191003,1,1,xxx-x-x.xxx,yy-yy-yy.yyy,2019Y1262,-83,7,Y
20191003,1,1,xxx-x-x.xxx,yy-yy-yy.yyy,2019Y1262,-80,13,Y
20191003,1,1,xxx-x-x.xxx,yy-yy-yy.yyy,2019Y1262,-74,14,Y
20191003,1,1,xxx-x-x.xxx,yy-yy-yy.yyy,2019Y1262,-104,30,Y
20191003,1,1,xxx-x-x.xxx,yy-yy-yy.yyy,2019Y1262,-81,25,Y
20191003,1,1,xxx-x-x.xxx,yy-yy-yy.yyy,2019Y1262,-68,14,Y
20191003,1,1,xxx-x-x.xxx,yy-yy-yy.yyy,2019Y1262,-113,14,Y
20191003,1,1,xxx-x-x.xxx,yy-yy-yy.yyy,2019Y1262,-105,8,Y
20191003,1,1,xxx-x-x.xxx,yy-yy-yy.yyy,2019Y1262,-65,27,Y
20191003,1,1,xxx-x-x.xxx,yy-yy-yy.yyy,2019Y1262,-76,-1,Y
20191003,1,1,xxx-x-x.xxx,yy-yy-yy.yyy,2019Y1262,-88,5,Y
20191003,1,1,xxx-x-x.xxx,yy-yy-yy.yyy,2019Y1262,-104,1,Y
20191003,1,1,xxx-x-x.xxx,yy-yy-yy.yyy,2019Y1262,-59,-5,Y
20191003,1,1,xxx-x-x.xxx,yy-yy-yy.yyy,2019Y1262,-107,8,Y
20191003,1,1,xxx-x-x.xxx,yy-yy-yy.yyy,2019Y1262,-115,11,Y
20191003,1,1,xxx-x-x.xxx,yy-yy-yy.yyy,20193AYPU,-73,26,Y
20191003,1,1,xxx-x-x.xxx,yy-yy-yy.yyy,20193AYPU,-56,2,Y
20191003,1,1,xxx-x-x.xxx,yy-yy-yy.yyy,20193AYPU,-70,27,Y
20191003,1,1,xxx-x-x.xxx,yy-yy-yy.yyy,20193AYPU,-92,0,Y
20191003,1,1,xxx-x-x.xxx,yy-yy-yy.yyy,20193AYPU,-92,10,Y
20191003,1,1,xxx-x-x.xxx,yy-yy-yy.yyy,20193AYPU,-115,-1,Y
20191003,1,1,xxx-x-x.xxx,yy-yy-yy.yyy,20193AYPU,-59,11,Y
20191003,1,1,xxx-x-x.xxx,yy-yy-yy.yyy,20193AYPU,-108,8,Y
20191003,1,1,xxx-x-x.xxx,yy-yy-yy.yyy,20193AYPU,-65,17,Y
20191003,1,1,xxx-x-x.xxx,yy-yy-yy.yyy,20193AYPU,-66,27,Y
20191003,1,1,xxx-x-x.xxx,yy-yy-yy.yyy,20193AYPU,-95,25,Y
20191003,1,1,xxx-x-x.xxx,yy-yy-yy.yyy,20193AYPU,-86,10,Y
20191003,1,1,xxx-x-x.xxx,yy-yy-yy.yyy,20193AYPU,-61,22,Y
20191003,1,1,xxx-x-x.xxx,yy-yy-yy.yyy,20193AYPU,-79,8,Y
20191003,1,1,xxx-x-x.xxx,yy-yy-yy.yyy,20193AYPU,-71,6,Y
20191003,1,1,xxx-x-x.xxx,yy-yy-yy.yyy,20193AYPU,-97,6,Y
20191003,1,1,xxx-x-x.xxx,yy-yy-yy.yyy,20193AYPU,-72,-1,Y
20191003,1,1,xxx-x-x.xxx,yy-yy-yy.yyy,20193AYPU,-105,28,Y
20191003,1,1,xxx-x-x.xxx,yy-yy-yy.yyy,20193AYPU,-76,14,Y
20191003,1,1,xxx-x-x.xxx,yy-yy-yy.yyy,20193AYPU,-59,20,Y
20191003,1,1,xxx-x-x.xxx,yy-yy-yy.yyy,20193AYPU,-56,27,Y
20191003,1,1,xxx-x-x.xxx,yy-yy-yy.yyy,20193AYPU,-81,4,Y
20191003,1,1,xxx-x-x.xxx,yy-yy-yy.yyy,20193AYPU,-96,26,Y
20191003,1,1,xxx-x-x.xxx,yy-yy-yy.yyy,20193AYPU,-104,-2,Y
20191003,1,1,xxx-x-x.xxx,yy-yy-yy.yyy,20193AYPU,-114,13,Y
20191003,1,1,xxx-x-x.xxx,yy-yy-yy.yyy,20193AYPU,-107,12,Y
20191003,1,1,xxx-x-x.xxx,yy-yy-yy.yyy,20193AYPU,-72,13,Y
20191003,1,1,xxx-x-x.xxx,yy-yy-yy.yyy,201930993,-111,15,Y
20191003,1,1,xxx-x-x.xxx,yy-yy-yy.yyy,201930993,-77,24,Y
20191003,1,1,xxx-x-x.xxx,yy-yy-yy.yyy,201930993,-92,1,Y
20191003,1,1,xxx-x-x.xxx,yy-yy-yy.yyy,201930993,-92,19,Y
20191003,1,1,xxx-x-x.xxx,yy-yy-yy.yyy,201930993,-88,18,Y
20191003,1,1,xxx-x-x.xxx,yy-yy-yy.yyy,201930993,-101,-5,Y
20191003,1,1,xxx-x-x.xxx,yy-yy-yy.yyy,201930993,-89,28,Y
20191003,1,1,xxx-x-x.xxx,yy-yy-yy.yyy,201930993,-71,13,Y
20191003,1,1,xxx-x-x.xxx,yy-yy-yy.yyy,201930993,-80,19,Y
20191003,1,1,xxx-x-x.xxx,yy-yy-yy.yyy,201930993,-113,-3,Y
20191003,1,1,xxx-x-x.xxx,yy-yy-yy.yyy,201930993,-78,26,Y
20191003,1,1,xxx-x-x.xxx,yy-yy-yy.yyy,201930993,-57,6,Y
20191003,1,1,xxx-x-x.xxx,yy-yy-yy.yyy,201930993,-83,30,Y
20191003,1,1,xxx-x-x.xxx,yy-yy-yy.yyy,201930993,-82,6,Y
20191003,1,1,xxx-x-x.xxx,yy-yy-yy.yyy,201930993,-73,22,Y
20191003,1,1,xxx-x-x.xxx,yy-yy-yy.yyy,201930993,-63,14,Y
20191003,1,1,xxx-x-x.xxx,yy-yy-yy.yyy,201930993,-76,-2,Y
20191003,1,1,xxx-x-x.xxx,yy-yy-yy.yyy,201930993,-89,5,Y
20191003,1,1,xxx-x-x.xxx,yy-yy-yy.yyy,201930993,-74,24,Y
20191003,1,1,xxx-x-x.xxx,yy-yy-yy.yyy,201930993,-101,8,Y
20191003,1,1,xxx-x-x.xxx,yy-yy-yy.yyy,201930993,-80,27,Y
20191003,1,1,xxx-x-x.xxx,yy-yy-yy.yyy,201930993,-79,26,Y
20191003,1,1,xxx-x-x.xxx,yy-yy-yy.yyy,201930993,-114,18,Y
20191003,1,1,xxx-x-x.xxx,yy-yy-yy.yyy,201930993,-88,8,Y
20191003,1,1,xxx-x-x.xxx,yy-yy-yy.yyy,201930993,-106,0,Y
20191003,1,1,xxx-x-x.xxx,yy-yy-yy.yyy,201930993,-68,3,Y
20191003,1,1,xxx-x-x.xxx,yy-yy-yy.yyy,201930993,-102,-1,Y
20191003,1,1,xxx-x-x.xxx,yy-yy-yy.yyy,201930993,-100,10,Y
20191003,1,1,xxx-x-x.xxx,yy-yy-yy.yyy,201930993,-82,9,Y
20191003,1,1,xxx-x-x.xxx,yy-yy-yy.yyy,201930993,-59,19,Y
20191003,1,1,xxx-x-x.xxx,yy-yy-yy.yyy,201930993,-92,19,Y
20191003,1,1,xxx-x-x.xxx,yy-yy-yy.yyy,201930993,-114,-3,Y
20191003,1,1,xxx-x-x.xxx,yy-yy-yy.yyy,201930993,-86,21,Y
20191003,1,1,xxx-x-x.xxx,yy-yy-yy.yyy,201930993,-64,2,Y
20191003,1,1,xxx-x-x.xxx,yy-yy-yy.yyy,201930993,-79,4,Y
20191003,1,1,xxx-x-x.xxx,yy-yy-yy.yyy,201930993,-74,-5,Y
20191003,1,1,xxx-x-x.xxx,yy-yy-yy.yyy,201930993,-73,4,Y
20191003,1,1,xxx-x-x.xxx,yy-yy-yy.yyy,201930993,-58,15,Y
20191003,1,1,xxx-x-x.xxx,yy-yy-yy.yyy,201930993,-100,-5,Y
20191003,1,1,xxx-x-x.xxx,yy-yy-yy.yyy,201930993,-75,-3,Y
20191003,1,1,xxx-x-x.xxx,yy-yy-yy.yyy,201930993,-84,5,Y
20191003,1,1,xxx-x-x.xxx,yy-yy-yy.yyy,201930993,-92,1,Y
20191003,1,1,xxx-x-x.xxx,yy-yy-yy.yyy,201930993,-88,21,Y
20191003,1,1,xxx-x-x.xxx,yy-yy-yy.yyy,201930993,-104,22,Y
20191003,1,1,xxx-x-x.xxx,yy-yy-yy.yyy,201930993,-57,30,Y
20191003,1,1,xxx-x-x.xxx,yy-yy-yy.yyy,201930993,-59,12,Y
20191003,1,1,xxx-x-x.xxx,yy-yy-yy.yyy,201930993,-104,4,Y
20191003,1,1,xxx-x-x.xxx,yy-yy-yy.yyy,201930993,-83,25,Y
20191003,1,1,xxx-x-x.xxx,yy-yy-yy.yyy,201930993,-106,0,Y
20191003,1,1,xxx-x-x.xxx,yy-yy-yy.yyy,201930993,-103,5,Y
20191003,1,1,xxx-x-x.xxx,yy-yy-yy.yyy,201930993,-69,29,Y
20191003,1,1,xxx-x-x.xxx,yy-yy-yy.yyy,201930993,-68,12,Y
20191003,1,1,xxx-x-x.xxx,yy-yy-yy.yyy,201930993,-88,24,Y
20191003,1,1,xxx-x-x.xxx,yy-yy-yy.yyy,201930993,-85,24,Y
20191003,1,1,xxx-x-x.xxx,yy-yy-yy.yyy,201930993,-103,1,Y
20191003,1,1,xxx-x-x.xxx,yy-yy-yy.yyy,201930993,-84,13,Y
20191003,1,1,xxx-x-x.xxx,yy-yy-yy.yyy,201930993,-105,0,Y
20191003,1,1,xxx-x-x.xxx,yy-yy-yy.yyy,201930993,-78,23,Y
20191003,1,1,xxx-x-x.xxx,yy-yy-yy.yyy,201930993,-94,12,Y
20191003,1,1,xxx-x-x.xxx,yy-yy-yy.yyy,201930993,-102,14,Y
20191003,1,1,xxx-x-x.xxx,yy-yy-yy.yyy,201930993,-106,-1,Y
20191003,1,1,xxx-x-x.xxx,yy-yy-yy.yyy,201930993,-108,23,Y
20191003,1,1,xxx-x-x.xxx,yy-yy-yy.yyy,201930993,-55,0,Y
20191003,1,1,xxx-x-x.xxx,yy-yy-yy.yyy,201930993,-92,16,Y
20191003,1,1,xxx-x-x.xxx,yy-yy-yy.yyy,201930993,-87,18,Y
20191003,1,1,xxx-x-x.xxx,yy-yy-yy.yyy,201930993,-83,5,Y
20191003,1,1,xxx-x-x.xxx,yy-yy-yy.yyy,201930993,-69,1,Y
20191003,1,1,xxx-x-x.xxx,yy-yy-yy.yyy,201930993,-95,13,Y
20191003,1,1,xxx-x-x.xxx,yy-yy-yy.yyy,201930993,-90,0,Y
20191003,1,1,xxx-x-x.xxx,yy-yy-yy.yyy,201930993,-91,19,Y
20191003,1,1,xxx-x-x.xxx,yy-yy-yy.yyy,201930993,-73,13,Y
20191003,1,1,xxx-x-x.xxx,yy-yy-yy.yyy,201930993,-72,0,Y
20191003,1,1,xxx-x-x.xxx,yy-yy-yy.yyy,201930993,-73,0,Y
20191003,1,1,xxx-x-x.xxx,yy-yy-yy.yyy,201930993,-82,9,Y
20191003,1,1,xxx-x-x.xxx,yy-yy-yy.yyy,201930993,-85,-2,Y
20191003,1,1,xxx-x-x.xxx,yy-yy-yy.yyy,201930993,-100,30,Y
20191003,1,1,xxx-x-x.xxx,yy-yy-yy.yyy,201930993,-92,21,Y
20191003,1,1,xxx-x-x.xxx,yy-yy-yy.yyy,201930993,-65,11,Y
20191003,1,1,xxx-x-x.xxx,yy-yy-yy.yyy,201930993,-78,11,Y
20191003,1,1,xxx-x-x.xxx,yy-yy-yy.yyy,201930993,-82,14,Y
20191003,1,1,xxx-x-x.xxx,yy-yy-yy.yyy,201930993,-64,6,Y
20191003,1,1,xxx-x-x.xxx,yy-yy-yy.yyy,201930993,-93,-3,Y
20191003,1,1,xxx-x-x.xxx,yy-yy-yy.yyy,201930993,-73,18,Y
20191003,1,1,xxx-x-x.xxx,yy-yy-yy.yyy,201930993,-57,7,Y
20191003,1,1,xxx-x-x.xxx,yy-yy-yy.yyy,201930993,-73,15,Y
20191003,1,1,xxx-x-x.xxx,yy-yy-yy.yyy,201930993,-55,19,Y
20191003,1,1,xxx-x-x.xxx,yy-yy-yy.yyy,201930993,-104,10,Y
20191003,1,1,xxx-x-x.xxx,yy-yy-yy.yyy,201930993,-102,11,Y
20191003,1,1,xxx-x-x.xxx,yy-yy-yy.yyy,201930993,-106,25,Y
20191003,1,1,xxx-x-x.xxx,yy-yy-yy.yyy,201930993,-111,-1,Y
20191003,1,1,xxx-x-x.xxx,yy-yy-yy.yyy,201930993,-72,-3,Y
20191003,1,1,xxx-x-x.xxx,yy-yy-yy.yyy,201930993,-75,25,Y
20191003,1,1,xxx-x-x.xxx,yy-yy-yy.yyy,201930993,-63,9,Y
20191003,1,1,xxx-x-x.xxx,yy-yy-yy.yyy,201930993,-90,5,Y
20191003,1,1,xxx-x-x.xxx,yy-yy-yy.yyy,201930993,-66,13,Y
20191003,1,1,xxx-x-x.xxx,yy-yy-yy.yyy,201930993,-106,14,Y
20191003,1,1,xxx-x-x.xxx,yy-yy-yy.yyy,201930993,-56,5,Y
20191003,1,1,xxx-x-x.xxx,yy-yy-yy.yyy,201930993,-69,15,Y
20191003,1,1,xxx-x-x.xxx,yy-yy-yy.yyy,201930993,-55,8,Y
20191003,1,1,xxx-x-x.xxx,yy-yy-yy.yyy,201930993,-83,26,Y
20191003,1,1,xxx-x-x.xxx,yy-yy-yy.yyy,201930993,-78,6,Y
20191003,1,1,xxx-x-x.xxx,yy-yy-yy.yyy,201930993,-80,5,Y
20191003,1,1,xxx-x-x.xxx,yy-yy-yy.yyy,201930993,-100,-4,Y
20191003,1,1,xxx-x-x.xxx,yy-yy-yy.yyy,201930993,-104,15,Y
20191003,1,1,xxx-x-x.xxx,yy-yy-yy.yyy,201930993,-55,4,Y
20191003,1,1,xxx-x-x.xxx,yy-yy-yy.yyy,201930993,-85,10,Y
20191003,1,1,xxx-x-x.xxx,yy-yy-yy.yyy,201930993,-66,23,Y
20191003,1,1,xxx-x-x.xxx,yy-yy-yy.yyy,201930993,-72,0,Y
20191003,1,1,xxx-x-x.xxx,yy-yy-yy.yyy,201930993,-103,-2,Y
20191003,1,1,xxx-x-x.xxx,yy-yy-yy.yyy,201930993,-62,5,Y
20191003,1,1,xxx-x-x.xxx,yy-yy-yy.yyy,201930993,-106,17,Y
20191003,1,1,xxx-x-x.xxx,yy-yy-yy.yyy,201930993,-113,-1,Y
20191003,1,1,xxx-x-x.xxx,yy-yy-yy.yyy,201930993,-68,14,Y
20191003,1,1,xxx-x-x.xxx,yy-yy-yy.yyy,201930993,-110,26,Y
20191003,1,1,xxx-x-x.xxx,yy-yy-yy.yyy,201930993,-87,-2,Y
20191003,1,1,xxx-x-x.xxx,yy-yy-yy.yyy,201930993,-89,0,Y
20191003,1,1,xxx-x-x.xxx,yy-yy-yy.yyy,201930993,-78,23,Y
20191003,1,1,xxx-x-x.xxx,yy-yy-yy.yyy,201930993,-68,27,Y
20191003,1,1,xxx-x-x.xxx,yy-yy-yy.yyy,201930993,-65,26,Y
20191003,1,1,xxx-x-x.xxx,yy-yy-yy.yyy,201930993,-102,8,Y
20191003,1,1,xxx-x-x.xxx,yy-yy-yy.yyy,201930993,-97,19,Y
20191003,1,1,xxx-x-x.xxx,yy-yy-yy.yyy,201930993,-94,30,Y
20191003,1,1,xxx-x-x.xxx,yy-yy-yy.yyy,201930993,-56,18,Y
20191003,1,1,xxx-x-x.xxx,yy-yy-yy.yyy,201930993,-64,11,Y
20191003,1,1,xxx-x-x.xxx,yy-yy-yy.yyy,201930993,-114,15,Y
20191003,1,1,xxx-x-x.xxx,yy-yy-yy.yyy,201930993,-112,25,Y
20191003,1,1,xxx-x-x.xxx,yy-yy-yy.yyy,201930993,-61,11,Y
20191003,1,1,xxx-x-x.xxx,yy-yy-yy.yyy,201930993,-88,-1,Y
20191003,1,1,xxx-x-x.xxx,yy-yy-yy.yyy,201930993,-96,8,Y
20191003,1,1,xxx-x-x.xxx,yy-yy-yy.yyy,201930993,-69,21,Y
20191003,1,1,xxx-x-x.xxx,yy-yy-yy.yyy,201930993,-88,18,Y
20191003,1,1,xxx-x-x.xxx,yy-yy-yy.yyy,201930993,-68,22,Y
20191003,1,1,xxx-x-x.xxx,yy-yy-yy.yyy,201930993,-74,23,Y
20191003,1,1,xxx-x-x.xxx,yy-yy-yy.yyy,201930993,-59,-5,Y
20191003,1,1,xxx-x-x.xxx,yy-yy-yy.yyy,201930993,-69,27,Y
20191003,1,1,xxx-x-x.xxx,yy-yy-yy.yyy,201930993,-81,16,Y
20191003,1,1,xxx-x-x.xxx,yy-yy-yy.yyy,201930993,-99,27,Y
20191003,1,1,xxx-x-x.xxx,yy-yy-yy.yyy,201930993,-76,18,Y
20191003,1,1,xxx-x-x.xxx,yy-yy-yy.yyy,201930993,-79,2,Y
20191003,1,1,xxx-x-x.xxx,yy-yy-yy.yyy,201930993,-77,0,Y
20191003,1,1,xxx-x-x.xxx,yy-yy-yy.yyy,201930993,-87,22,Y
20191003,1,1,xxx-x-x.xxx,yy-yy-yy.yyy,201930993,-100,3,Y
20191003,1,1,xxx-x-x.xxx,yy-yy-yy.yyy,201930993,-109,-1,Y
20191003,1,1,xxx-x-x.xxx,yy-yy-yy.yyy,201930993,-62,23,Y
20191003,1,1,xxx-x-x.xxx,yy-yy-yy.yyy,201930993,-106,10,Y
20191003,1,1,xxx-x-x.xxx,yy-yy-yy.yyy,201930993,-115,27,Y
20191003,1,1,xxx-x-x.xxx,yy-yy-yy.yyy,201930993,-109,16,Y
20191003,1,1,xxx-x-x.xxx,yy-yy-yy.yyy,201930993,-68,-5,Y
20191003,1,1,xxx-x-x.xxx,yy-yy-yy.yyy,201930993,-81,-1,Y
20191003,1,1,xxx-x-x.xxx,yy-yy-yy.yyy,201930993,-81,-3,Y
20191003,1,1,xxx-x-x.xxx,yy-yy-yy.yyy,201930993,-65,1,Y
20191003,1,1,xxx-x-x.xxx,yy-yy-yy.yyy,201930993,-64,30,Y
20191003,1,1,xxx-x-x.xxx,yy-yy-yy.yyy,201930993,-58,12,Y
20191003,1,1,xxx-x-x.xxx,yy-yy-yy.yyy,201930993,-70,12,Y
20191003,1,1,xxx-x-x.xxx,yy-yy-yy.yyy,201930993,-61,10,Y
20191003,1,1,xxx-x-x.xxx,yy-yy-yy.yyy,201930993,-100,10,Y
20191003,1,1,xxx-x-x.xxx,yy-yy-yy.yyy,201930993,-102,0,Y
20191003,1,1,xxx-x-x.xxx,yy-yy-yy.yyy,201930993,-96,13,Y
20191003,1,1,xxx-x-x.xxx,yy-yy-yy.yyy,201930993,-98,20,Y
20191003,1,1,xxx-x-x.xxx,yy-yy-yy.yyy,201930993,-101,20,Y
20191003,1,1,xxx-x-x.xxx,yy-yy-yy.yyy,201930993,-80,17,Y
20191003,1,1,xxx-x-x.xxx,yy-yy-yy.yyy,201930993,-58,4,Y
20191003,1,1,xxx-x-x.xxx,yy-yy-yy.yyy,201930993,-113,0,Y
20191003,1,1,xxx-x-x.xxx,yy-yy-yy.yyy,201930993,-102,14,Y
20191003,1,1,xxx-x-x.xxx,yy-yy-yy.yyy,201930993,-97,22,Y
20191003,1,1,xxx-x-x.xxx,yy-yy-yy.yyy,201930993,-79,12,Y
20191003,1,1,xxx-x-x.xxx,yy-yy-yy.yyy,201930993,-101,14,Y
20191003,1,1,xxx-x-x.xxx,yy-yy-yy.yyy,201930993,-61,27,Y
20191003,1,1,xxx-x-x.xxx,yy-yy-yy.yyy,201930993,-99,8,Y
20191003,1,1,xxx-x-x.xxx,yy-yy-yy.yyy,201930993,-89,6,Y
20191003,1,1,xxx-x-x.xxx,yy-yy-yy.yyy,20193BGK1,-64,23,N
20191003,1,1,xxx-x-x.xxx,yy-yy-yy.yyy,201932623,-112,10,N
20191003,1,1,xxx-x-x.xxx,yy-yy-yy.yyy,2019Y5208,-70,27,N
20191003,1,1,xxx-x-x.xxx,yy-yy-yy.yyy,201933663,-89,9,N
20191003,1,1,xxx-x-x.xxx,yy-yy-yy.yyy,2019Y6398,-63,20,N
20191003,1,1,xxx-x-x.xxx,yy-yy-yy.yyy,201921031,-75,17,N
20191003,1,1,xxx-x-x.xxx,yy-yy-yy.yyy,201938709,-105,19,N
20191003,1,1,xxx-x-x.xxx,yy-yy-yy.yyy,201921029,-99,12,N
20191003,1,1,xxx-x-x.xxx,yy-yy-yy.yyy,20193BF6H,-77,28,N
20191003,1,1,xxx-x-x.xxx,yy-yy-yy.yyy,20193BGK1,-89,10,N
20191003,1,1,xxx-x-x.xxx,yy-yy-yy.yyy,201932623,-110,4,N
20191003,1,1,xxx-x-x.xxx,yy-yy-yy.yyy,2019Y5208,-109,24,N
20191003,1,1,xxx-x-x.xxx,yy-yy-yy.yyy,201933663,-65,28,N
20191003,1,1,xxx-x-x.xxx,yy-yy-yy.yyy,2019Y6398,-56,-1,N
20191003,1,1,xxx-x-x.xxx,yy-yy-yy.yyy,201921031,-73,-4,N
20191003,1,1,xxx-x-x.xxx,yy-yy-yy.yyy,201938709,-107,9,N
20191003,1,1,xxx-x-x.xxx,yy-yy-yy.yyy,201921029,-91,24,N
20191003,1,1,xxx-x-x.xxx,yy-yy-yy.yyy,20193BF6H,-64,-2,N
20191003,1,1,xxx-x-x.xxx,yy-yy-yy.yyy,20193BGK1,-90,8,N
20191003,1,1,xxx-x-x.xxx,yy-yy-yy.yyy,201932623,-58,22,N
20191003,1,1,xxx-x-x.xxx,yy-yy-yy.yyy,2019Y5208,-90,30,N
20191003,1,1,xxx-x-x.xxx,yy-yy-yy.yyy,201933663,-108,15,N
20191003,1,1,xxx-x-x.xxx,yy-yy-yy.yyy,2019Y6398,-105,13,N
20191003,1,1,xxx-x-x.xxx,yy-yy-yy.yyy,201921031,-109,19,N
20191003,1,1,xxx-x-x.xxx,yy-yy-yy.yyy,201938709,-101,19,N
20191003,1,1,xxx-x-x.xxx,yy-yy-yy.yyy,201921029,-104,19,N
20191003,1,1,xxx-x-x.xxx,yy-yy-yy.yyy,20193BF6H,-76,8,N
20191003,1,1,xxx-x-x.xxx,yy-yy-yy.yyy,20193BGK1,-99,12,N
20191003,1,1,xxx-x-x.xxx,yy-yy-yy.yyy,201932623,-101,18,N
20191003,1,1,xxx-x-x.xxx,yy-yy-yy.yyy,2019Y5208,-79,24,N
20191003,1,1,xxx-x-x.xxx,yy-yy-yy.yyy,201933663,-89,8,N
20191003,1,1,xxx-x-x.xxx,yy-yy-yy.yyy,2019Y6398,-111,5,N
20191003,1,1,xxx-x-x.xxx,yy-yy-yy.yyy,201921031,-100,11,N
20191003,1,1,xxx-x-x.xxx,yy-yy-yy.yyy,201938709,-84,25,N
20191003,1,1,xxx-x-x.xxx,yy-yy-yy.yyy,201921029,-77,29,N
20191003,1,1,xxx-x-x.xxx,yy-yy-yy.yyy,20193BF6H,-79,1,N
20191003,1,1,xxx-x-x.xxx,yy-yy-yy.yyy,20193BGK1,-100,1,N
20191003,1,1,xxx-x-x.xxx,yy-yy-yy.yyy,201932623,-77,9,N
20191003,1,1,xxx-x-x.xxx,yy-yy-yy.yyy,2019Y5208,-59,8,N
20191003,1,1,xxx-x-x.xxx,yy-yy-yy.yyy,201933663,-115,30,N
20191003,1,1,xxx-x-x.xxx,yy-yy-yy.yyy,2019Y6398,-98,1,N
20191003,1,1,xxx-x-x.xxx,yy-yy-yy.yyy,201921031,-75,-5,N
20191003,1,1,xxx-x-x.xxx,yy-yy-yy.yyy,201938709,-92,9,N
,,,,,,,,
,,,,,,,,
,,,,,,,,
,,,,,,,,
,,,,,,,,
,,,,,,,,
,,,,,,,,
,,,,,,,,
,,,,,,,,
,,,,,,,,
,,,,,,,,
,,,,,,,,
,,,,,,,,
,,,,,,,,
,,,,,,,,
,,,,,,,,
,,,,,,,,
,,,,,,,,
,,,,,,,,
,,,,,,,,
,,,,,,,,
,,,,,,,,
,,,,,,,,
,,,,,,,,
,,,,,,,,
,,,,,,,,
,,,,,,,,
,,,,,,,,
,,,,,,,,
,,,,,,,,
,,,,,,,,
,,,,,,,,
,,,,,,,,
,,,,,,,,
,,,,,,,,
,,,,,,,,
,,,,,,,,
,,,,,,,,
,,,,,,,,
,,,,,,,,
,,,,,,,,
,,,,,,,,
,,,,,,,,
,,,,,,,,
,,,,,,,,
,,,,,,,,
,,,,,,,,
,,,,,,,,
,,,,,,,,
,,,,,,,,
,,,,,,,,
,,,,,,,,
,,,,,,,,
,,,,,,,,
,,,,,,,,
,,,,,,,,
,,,,,,,,
,,,,,,,,
,,,,,,,,
,,,,,,,,
,,,,,,,,
,,,,,,,,
,,,,,,,,
,,,,,,,,
,,,,,,,,
,,,,,,,,
,,,,,,,,
,,,,,,,,
,,,,,,,,
,,,,,,,,
,,,,,,,,
,,,,,,,,
,,,,,,,,
,,,,,,,,
,,,,,,,,
,,,,,,,,
,,,,,,,,
,,,,,,,,
,,,,,,,,
,,,,,,,,
,,,,,,,,
,,,,,,,,
,,,,,,,,
,,,,,,,,
,,,,,,,,
,,,,,,,,
,,,,,,,,
,,,,,,,,
,,,,,,,,
,,,,,,,,
,,,,,,,,
,,,,,,,,
,,,,,,,,
,,,,,,,,
,,,,,,,,
,,,,,,,,
,,,,,,,,
,,,,,,,,
,,,,,,,,
,,,,,,,,
,,,,,,,,
,,,,,,,,
,,,,,,,,
,,,,,,,,
,,,,,,,,
,,,,,,,,
,,,,,,,,
,,,,,,,,
,,,,,,,,
,,,,,,,,
,,,,,,,,
,,,,,,,,
,,,,,,,,
,,,,,,,,
,,,,,,,,
,,,,,,,,
,,,,,,,,
,,,,,,,,
,,,,,,,,
,,,,,,,,
,,,,,,,,
,,,,,,,,
,,,,,,,,
,,,,,,,,
,,,,,,,,
,,,,,,,,
,,,,,,,,
,,,,,,,,
,,,,,,,,
,,,,,,,,
,,,,,,,,
,,,,,,,,
,,,,,,,,
,,,,,,,,
,,,,,,,,
,,,,,,,,
,,,,,,,,
,,,,,,,,
,,,,,,,,
,,,,,,,,
,,,,,,,,
,,,,,,,,
,,,,,,,,
,,,,,,,,
,,,,,,,,
,,,,,,,,
,,,,,,,,
,,,,,,,,
,,,,,,,,
,,,,,,,,
,,,,,,,,
,,,,,,,,
,,,,,,,,
,,,,,,,,
,,,,,,,,
,,,,,,,,
,,,,,,,,
,,,,,,,,
,,,,,,,,
,,,,,,,,
,,,,,,,,
,,,,,,,,
,,,,,,,,
,,,,,,,,
,,,,,,,,
,,,,,,,,
,,,,,,,,
,,,,,,,,
,,,,,,,,
,,,,,,,,
,,,,,,,,
,,,,,,,,
,,,,,,,,
,,,,,,,,
,,,,,,,,
,,,,,,,,
,,,,,,,,
,,,,,,,,
,,,,,,,,
,,,,,,,,
,,,,,,,,
,,,,,,,,
,,,,,,,,
,,,,,,,,
,,,,,,,,
,,,,,,,,
,,,,,,,,
,,,,,,,,
,,,,,,,,
,,,,,,,,
,,,,,,,,
,,,,,,,,
,,,,,,,,
,,,,,,,,
,,,,,,,,
,,,,,,,,
,,,,,,,,
,,,,,,,,
,,,,,,,,
,,,,,,,,
,,,,,,,,
,,,,,,,,
,,,,,,,,
,,,,,,,,
,,,,,,,,
,,,,,,,,
,,,,,,,,
,,,,,,,,
,,,,,,,,
,,,,,,,,
,,,,,,,,
,,,,,,,,
,,,,,,,,
,,,,,,,,
,,,,,,,,
,,,,,,,,
,,,,,,,,
,,,,,,,,